player_name,points,wins,top_10,avg_score,total_distance,total_drives,fairway_%,fairways_hit,possible_fairways,%_gir,greens_hit,#_holes,total_sg:putting,sg:ott,sg:apr,sg:arg,rounds,total_sg:t,total_sg:t2g,total_sg:p,events_y,money,year
Collin_Morikawa,2136,2,8,69.673,37674,128,69.2,620,896,72.05,830,1152,-16.14,0.382,1.5019999999999998,0.159,69,90.134,106.277,-16.14,19,6950768.0,2021
Jordan_Spieth,2072,1,9,69.90899999999999,43006,144,54.29,544,1002,65.28,846,1296,25.276999999999997,-0.009000000000000001,0.594,0.428,76,84.096,58.821999999999996,25.276999999999997,21,6214964.0,2021
Patrick_Cantlay,2014,2,5,69.975,37350,124,59.91,520,868,69.27,773,1116,14.436,0.55,0.537,0.418,69,92.71600000000001,78.283,14.436,20,5620030.0,2021
Jon_Rahm,2003,1,12,69.429,40003,130,63.52,578,910,71.62,838,1170,10.56,0.848,0.762,0.215,74,105.455,94.897,10.56,19,6793933.0,2021
Harris_English,1899,2,7,70.153,45363,152,64.94,691,1064,66.08,904,1368,31.105,0.146,0.122,0.258,79,63.73,32.625,31.105,22,5563406.0,2021
Bryson_DeChambeau,1824,2,6,69.911,41073,128,53.0,477,900,66.32,764,1152,21.715999999999998,1.13,0.27699999999999997,0.019,67,95.917,74.203,21.715999999999998,18,6078990.0,2021
Justin_Thomas,1723,1,5,69.83800000000001,41106,136,55.8,529,948,67.24,823,1224,1.7730000000000001,0.213,0.853,0.402,71,78.134,76.363,1.7730000000000001,19,5953362.0,2021
Viktor_Hovland,1698,1,6,69.832,40173,134,62.26,579,930,67.99,820,1206,8.918,0.701,0.604,0.05,74,82.098,73.182,8.918,20,4823997.0,2021
Louis_Oosthuizen,1618,0,7,69.632,34444,116,63.37,512,808,66.67,696,1044,46.731,0.075,0.35700000000000004,0.41700000000000004,65,84.09899999999999,37.37,46.731,17,5641279.0,2021
Xander_Schauffele,1613,0,7,69.706,36838,120,59.29,498,840,68.61,741,1080,28.295,0.42100000000000004,0.654,0.204,67,88.42200000000001,60.129,28.295,18,5022458.0,2021
Jason_Kokrak,1607,2,5,70.28,44131,144,60.96,612,1004,68.6,889,1296,45.38399999999999,0.473,0.315,-0.17,79,82.49700000000001,37.114000000000004,45.38399999999999,22,4882879.0,2021
Brooks_Koepka,1555,1,8,69.67699999999999,32128,104,56.49,409,724,68.06,637,936,13.259,0.616,0.738,0.17300000000000001,52,71.305,58.047,13.259,16,5018211.0,2021
Sam_Burns,1463,1,6,70.375,41394,136,57.94,547,944,67.81,830,1224,26.359,0.255,0.593,-0.1,72,69.053,42.699,26.359,22,3852238.0,2021
Joaquin_Niemann,1440,0,5,69.857,53454,172,58.67,704,1200,68.54,1061,1548,35.199,0.597,0.418,-0.059000000000000004,89,105.01700000000001,69.82,35.199,23,3722831.0,2021
Dustin_Johnson,1434,1,6,69.592,35045,112,58.72,458,780,67.16,677,1008,7.801,0.523,0.424,0.212,59,61.131,53.33,7.801,16,4451011.0,2021
Cameron_Smith,1434,1,6,70.11399999999999,39125,132,58.77,543,924,65.32,776,1188,30.546,-0.018000000000000002,0.23399999999999999,0.23,73,54.262,23.718000000000004,30.546,20,4385588.0,2021
Stewart_Cink,1431,2,3,70.442,44086,144,56.83,574,1010,70.29,911,1296,9.601,-0.001,0.589,-0.047,72,42.077,32.479,9.601,21,3409527.0,2021
Abraham_Ancer,1376,0,6,70.013,47532,164,70.8,810,1144,69.11,1020,1476,23.774,0.414,0.496,-0.021,85,81.604,57.832,23.774,23,3719925.0,2021
Scottie_Scheffler,1347,0,8,70.329,49890,164,65.18,743,1140,66.94,988,1476,12.905,0.5329999999999999,0.071,0.254,93,71.27199999999999,58.37,12.905,25,4207814.0,2021
Daniel_Berger,1339,1,7,69.874,40199,136,64.71,616,952,70.34,861,1224,25.933000000000003,0.315,0.693,-0.068,71,79.531,53.601000000000006,25.933000000000003,19,3783292.0,2021
Hideki_Matsuyama,1336,1,2,70.618,44579,150,62.33,652,1046,67.11,906,1350,-28.366999999999997,0.233,0.6809999999999999,0.239,78,47.797,76.167,-28.366999999999997,22,3984819.0,2021
Patrick_Reed,1332,1,6,70.001,38359,132,63.88,589,922,62.88,747,1188,36.404,0.098,0.42,0.39299999999999996,69,85.619,49.216,36.404,20,3907658.0,2021
Tony_Finau,1297,0,7,70.001,42582,140,54.82,535,976,66.19,834,1260,-4.607,0.33299999999999996,0.522,0.439,77,62.684,67.294,-4.607,22,3750127.0,2021
Billy_Horschel,1241,1,5,71.03699999999999,41189,140,65.0,637,980,66.19,834,1260,15.415999999999999,0.391,-0.244,-0.142,81,15.72,0.306,15.415999999999999,21,3831827.0,2021
Rory_McIlroy,1224,1,6,70.17699999999999,36850,116,55.32,447,808,65.42,683,1044,6.372000000000001,0.636,0.501,0.156,61,67.163,60.793,6.372000000000001,17,3716534.0,2021
Max_Homa,1212,1,5,70.52600000000001,44465,148,58.07,597,1028,63.66,848,1332,9.371,0.177,0.373,-0.08199999999999999,81,35.12,25.752,9.371,25,3359108.0,2021
Corey_Conners,1192,0,7,70.012,51787,176,69.43,847,1220,69.95,1108,1584,3.323,0.622,0.742,-0.091,91,89.87299999999999,86.552,3.323,25,3575692.0,2021
Sungjae_Im,1141,0,4,70.37899999999999,60332,204,69.08,981,1420,68.3,1254,1836,36.468,0.5329999999999999,0.16699999999999998,-0.081,107,94.021,57.553999999999995,36.468,30,3263867.0,2021
Charley_Hoffman,1127,0,5,70.262,55745,182,56.24,712,1266,67.46,1105,1638,21.913,0.37200000000000005,0.711,-0.114,95,90.755,68.848,21.913,27,2915972.0,2021
Kevin_Na,1099,1,2,70.995,38511,134,66.6,622,934,63.76,769,1206,-0.818,-0.256,-0.228,0.633,70,7.843,8.664,-0.818,21,2720667.0,2021
Marc_Leishman,1084,1,4,71.263,37415,128,57.81,518,896,65.71,757,1152,13.214,-0.17,0.18100000000000002,-0.085,71,9.465,-3.747,13.214,21,3000346.0,2021
Lucas_Glover,1037,1,4,70.69,49354,168,63.93,748,1170,66.6,1007,1512,-1.6380000000000001,0.292,0.175,0.192,86,43.86600000000001,45.505,-1.6380000000000001,26,2500537.0,2021
Brian_Harman,1033,0,5,69.925,50036,172,66.22,792,1196,64.28,995,1548,39.168,0.20199999999999999,0.045,0.322,91,79.57,40.406,39.168,24,3082546.0,2021
Carlos_Ortiz,1025,1,3,70.758,48446,160,60.13,671,1116,67.08,966,1440,12.282,0.239,0.018000000000000002,0.19399999999999998,83,44.29600000000001,32.016999999999996,12.282,25,2579299.0,2021
Matt_Jones,1022,1,3,70.437,53272,176,55.29,679,1228,65.34,1035,1584,28.256,0.157,-0.26899999999999996,0.322,90,42.935,14.682,28.256,26,2400685.0,2021
Cam_Davis,1019,1,3,70.727,48115,156,54.51,592,1086,65.38,918,1404,15.110999999999999,0.384,0.27699999999999997,-0.284,78,43.023999999999994,27.916999999999998,15.110999999999999,22,2554061.0,2021
Si_Woo_Kim,1015,1,4,70.806,47223,160,61.81,691,1118,66.18,953,1440,-5.93,0.27699999999999997,0.162,0.33399999999999996,83,46.365,52.299,-5.93,27,2759238.0,2021
Sergio_Garcia,951,1,3,70.58,34558,112,59.41,467,786,69.54,701,1008,-22.103,0.823,0.252,0.065,61,34.899,57.005,-22.103,19,2525200.0,2021
Cameron_Tringale,941,0,4,69.992,47612,160,60.97,678,1112,67.43,971,1440,34.715,0.04,0.413,0.24,82,83.24,48.528999999999996,34.715,24,2222773.0,2021
K.H._Lee,937,1,2,71.508,51018,172,60.68,727,1198,62.86,973,1548,-21.721,0.071,-0.127,0.231,90,-8.844,12.879000000000001,-21.721,28,2557633.0,2021
Keegan_Bradley,928,0,4,70.369,44307,148,65.53,675,1030,68.99,919,1332,-35.11,0.376,0.863,0.22,78,61.17100000000001,96.28299999999999,-35.11,24,2323487.0,2021
Emiliano_Grillo,901,0,4,70.142,52419,176,63.84,784,1228,71.53,1133,1584,1.429,0.373,0.711,-0.34299999999999997,88,46.668,45.24100000000001,1.429,26,2045761.0,2021
Russell_Henley,854,0,4,69.98100000000001,41612,144,66.33,662,998,69.44,900,1296,7.932,0.028999999999999998,0.9009999999999999,0.061,75,73.367,65.439,7.932,22,2302084.0,2021
Lee_Westwood,839,0,2,71.143,29543,100,60.89,425,698,62.78,565,900,6.127999999999999,0.07400000000000001,0.095,-0.07,53,10.009,3.8819999999999997,6.127999999999999,16,3238905.0,2021
Chris_Kirk,828,0,4,70.334,41755,144,62.77,629,1002,67.67,877,1296,7.7829999999999995,0.086,0.34700000000000003,0.36200000000000004,76,56.298,48.519,7.7829999999999995,22,2087603.0,2021
Paul_Casey,827,0,6,70.142,36408,120,62.14,517,832,68.24,737,1080,-4.0569999999999995,0.253,0.907,0.297,63,62.93899999999999,66.999,-4.0569999999999995,17,2690859.0,2021
Patton_Kizzire,789,0,5,70.44800000000001,52793,176,56.86,696,1224,68.12,1079,1584,43.708999999999996,-0.138,0.235,0.054000000000000006,88,55.318999999999996,11.613,43.708999999999996,25,2006595.0,2021
Hudson_Swafford,789,1,3,72.062,42128,140,63.16,619,980,65.79,829,1260,-0.693,-0.021,-0.5379999999999999,-0.52,70,-59.008,-58.312,-0.693,26,1396572.0,2021
Webb_Simpson,777,0,5,70.013,33770,116,67.73,550,812,68.01,710,1044,22.872,0.096,0.237,0.41,61,56.36600000000001,33.496,22.872,17,2202615.0,2021
Ryan_Palmer,777,0,4,70.788,38871,128,59.42,530,892,66.84,770,1152,11.66,0.32,0.33,-0.125,71,41.578,29.919,11.66,20,2165762.0,2021
Branden_Grace,772,1,3,70.709,41719,142,55.26,546,988,63.93,817,1278,1.39,-0.011000000000000001,0.18899999999999997,0.244,73,23.772,22.388,1.39,23,1788250.0,2021
Maverick_McNealy,756,0,2,70.68,39331,132,59.57,548,920,65.82,782,1188,9.926,0.26,-0.23,0.049,68,14.158,4.234,9.926,22,1825997.0,2021
Kevin_Streelman,752,0,3,70.26899999999999,49544,168,65.41,764,1168,68.78,1040,1512,-0.384,0.244,0.466,0.071,90,54.701,55.09,-0.384,27,1919041.0,2021
Matt_Fitzpatrick,742,0,5,70.372,35068,120,68.42,572,836,64.81,700,1080,22.918000000000003,0.5760000000000001,0.054000000000000006,0.19699999999999998,63,61.833,38.915,22.918000000000003,18,2213185.0,2021
Phil_Mickelson,740,1,1,71.855,38533,128,53.72,477,888,63.63,733,1152,-5.615,-0.235,0.08800000000000001,-0.043,64,-15.276,-9.66,-5.615,20,2559724.0,2021
Talor_Gooch,739,0,3,70.297,47629,160,59.37,659,1110,65.42,942,1440,17.043,-0.053,0.425,0.242,87,61.876999999999995,44.838,17.043,25,2221232.0,2021
Aaron_Wise,731,0,3,70.77199999999999,40710,136,59.28,562,948,69.85,855,1224,-34.102,0.293,0.38,0.226,68,18.0,52.105,-34.102,20,1960710.0,2021
Martin_Laird,728,1,1,71.60600000000001,42495,144,68.85,694,1008,69.6,902,1296,-14.815,0.099,0.25,0.004,74,6.739,21.554000000000002,-14.815,24,1772953.0,2021
Sebastián_Muñoz,714,0,4,71.203,53374,180,62.38,786,1260,65.62,1063,1620,4.829,0.145,0.192,-0.14300000000000002,93,19.798,14.972000000000001,4.829,29,1898891.0,2021
Matthew_Wolff,708,0,2,71.452,26905,86,49.67,297,598,65.63,508,774,6.337000000000001,-0.27399999999999997,0.485,-0.469,48,-3.6889999999999996,-10.025,6.337000000000001,16,2355208.0,2021
Mackenzie_Hughes,704,0,4,71.032,45602,156,58.29,633,1086,63.82,896,1404,30.261,-0.344,-0.337,0.08900000000000001,82,-7.579,-37.838,30.261,25,1727760.0,2021
Robert_Streb,699,1,1,71.26100000000001,38332,132,58.3,541,928,64.9,771,1188,11.497,-0.295,-0.353,0.242,68,-10.402000000000001,-21.895,11.497,23,1597019.0,2021
Kevin_Kisner,695,0,3,70.975,36819,128,67.9,607,894,64.84,747,1152,32.529,-0.13699999999999998,-0.091,0.039,69,22.185,-10.342,32.529,22,1744202.0,2021
Tyrrell_Hatton,688,0,4,70.229,29892,100,63.87,442,692,63.78,574,900,4.856,0.489,0.721,-0.011000000000000001,57,54.071000000000005,49.216,4.856,17,1882279.0,2021
Shane_Lowry,685,0,4,70.359,38224,128,60.2,537,892,67.88,782,1152,-10.242,0.25,0.42100000000000004,0.337,67,41.153999999999996,51.398,-10.242,18,2254672.0,2021
Troy_Merritt,683,0,4,70.916,53287,184,61.25,784,1280,64.43,1067,1656,23.649,-0.287,0.095,0.084,94,15.675999999999998,-7.9670000000000005,23.649,30,1795075.0,2021
J.T._Poston,670,0,2,71.138,45580,152,56.63,598,1056,62.21,851,1368,54.14,-0.086,-0.441,-0.069,79,11.849,-42.286,54.14,26,1619301.0,2021
Bubba_Watson,668,0,5,70.92,35728,118,60.88,498,818,66.76,709,1062,-12.32,0.6890000000000001,0.155,0.049,67,32.301,44.623000000000005,-12.32,19,1839546.0,2021
Seamus_Power,665,1,4,70.515,29295,100,62.71,439,700,68.33,615,900,5.609,0.023,0.531,0.502,50,41.492,35.884,5.609,15,1484029.0,2021
Charl_Schwartzel,648,0,2,71.113,44696,148,57.67,594,1030,66.37,884,1332,-3.525,0.095,0.166,0.21100000000000002,78,26.252,29.781,-3.525,23,1632060.0,2021
Harold_Varner_III,638,0,1,70.681,46819,156,60.29,656,1088,66.38,932,1404,0.737,0.215,0.389,0.225,80,56.235,55.5,0.737,25,1535155.0,2021
Jhonattan_Vegas,611,0,3,70.59100000000001,45887,148,57.0,586,1028,67.27,896,1332,-13.783,0.7290000000000001,0.159,-0.11,76,27.459,41.246,-13.783,22,1441023.0,2021
Wyndham_Clark,609,0,2,71.116,45438,144,47.11,472,1002,63.35,821,1296,-0.292,0.092,-0.639,0.34600000000000003,76,-13.345,-13.049000000000001,-0.292,23,1198800.0,2021
Adam_Long,602,0,2,71.37,43675,152,66.51,701,1054,61.99,848,1368,11.634,0.075,-0.616,-0.18899999999999997,79,-34.395,-46.025,11.634,27,1442451.0,2021
Peter_Malnati,602,0,3,71.233,41678,144,56.76,571,1006,62.35,808,1296,13.368,-0.23600000000000002,-0.13699999999999998,0.11,76,-1.8419999999999999,-15.208,13.368,27,1405382.0,2021
Brandon_Hagy,595,0,2,71.475,42222,136,50.11,475,948,62.66,767,1224,-5.202999999999999,0.38799999999999996,-0.508,0.244,72,1.248,6.454,-5.202999999999999,24,1449865.0,2021
Lanto_Griffin,593,0,2,70.764,49657,164,56.57,646,1142,65.51,967,1476,24.853,0.08800000000000001,0.435,-0.179,87,49.571000000000005,24.72,24.853,26,1592306.0,2021
Joel_Dahmen,590,1,2,71.205,41959,144,66.93,672,1004,64.66,838,1296,-16.828,0.20600000000000002,0.13,-0.059000000000000004,74,-1.273,15.558,-16.828,23,1275878.0,2021
Doug_Ghim,587,0,1,70.574,45599,156,67.06,731,1090,69.94,982,1404,-17.865,0.14,0.6559999999999999,0.175,82,44.312,62.18,-17.865,24,1234882.0,2021
Henrik_Norlander,586,0,3,71.21300000000001,48215,164,67.16,767,1142,69.31,1023,1476,-29.499000000000002,0.16899999999999998,0.486,-0.17300000000000001,86,5.676,35.179,-29.499000000000002,28,1377085.0,2021
Doc_Redman,575,0,4,71.092,42235,144,64.4,644,1000,65.82,853,1296,1.5830000000000002,-0.055999999999999994,0.32299999999999995,-0.243,76,3.111,1.5319999999999998,1.5830000000000002,24,1352498.0,2021
Kramer_Hickok,574,0,2,71.141,36684,126,68.31,597,874,67.64,767,1134,-9.067,0.129,-0.218,0.272,65,0.107,9.176,-9.067,22,1327275.0,2021
Brian_Gay,572,1,1,72.355,35419,124,58.39,508,870,60.3,673,1116,9.045,-0.8059999999999999,-0.723,0.027000000000000003,62,-72.021,-81.064,9.045,23,900574.0,2021
Harry_Higgs,567,0,2,71.437,39251,132,56.09,516,920,63.47,754,1188,10.062999999999999,-0.08199999999999999,-0.066,-0.004,68,0.826,-9.232999999999999,10.062999999999999,24,1555050.0,2021
Alex_Noren,567,0,1,70.926,44020,148,57.5,590,1026,62.09,827,1332,26.889,-0.02,-0.145,0.21600000000000003,78,30.28,3.3939999999999997,26.889,23,1428759.0,2021
Hank_Lebioda,564,0,3,70.61399999999999,38864,132,60.87,560,920,69.28,823,1188,22.947,-0.121,0.39299999999999996,0.067,68,39.172,16.227,22.947,21,1286430.0,2021
Ian_Poulter,553,0,2,70.342,36343,128,66.14,590,892,60.33,695,1152,34.032,-0.05,-0.267,0.33799999999999997,68,35.022,0.991,34.032,19,1372534.0,2021
Brendan_Steele,536,0,3,71.33,44252,148,62.02,640,1032,65.54,873,1332,-7.497999999999999,0.168,0.069,0.069,78,12.42,19.92,-7.497999999999999,22,1358526.0,2021
Luke_List,527,0,5,70.97800000000001,49476,158,55.63,613,1102,68.14,969,1422,-39.051,0.619,0.309,0.065,81,25.511,64.565,-39.051,28,1209594.0,2021
Tyler_McCumber,504,0,2,71.58,36952,120,58.21,489,840,64.17,693,1080,-38.783,0.292,-0.02,-0.156,60,-33.466,5.319,-38.783,21,934567.0,2021
James_Hahn,503,0,5,70.73,35607,120,66.55,555,834,69.07,746,1080,14.165999999999999,0.127,0.08800000000000001,-0.008,62,24.963,10.799000000000001,14.165999999999999,22,1164122.0,2021
Matt_Wallace,502,0,2,70.438,31045,104,60.03,437,728,64.32,602,936,4.633,0.171,0.535,0.275,59,40.968,36.336999999999996,4.633,17,1369595.0,2021
Tom_Hoge,502,0,1,71.161,48361,168,62.84,734,1168,62.83,950,1512,-13.009,-0.114,0.447,-0.040999999999999995,86,9.229,22.241999999999997,-13.009,29,1266111.0,2021
Jason_Day,489,0,3,70.719,37909,126,61.33,536,874,66.75,757,1134,6.042000000000001,0.48200000000000004,-0.019,0.337,66,49.263000000000005,43.222,6.042000000000001,21,1291234.0,2021
Denny_McCarthy,487,0,3,71.11,48376,164,62.19,709,1140,63.28,934,1476,28.932,-0.146,-0.354,0.13699999999999998,82,4.21,-24.718000000000004,28.932,27,1088651.0,2021
Sepp_Straka,486,0,3,70.87,53156,176,57.49,706,1228,66.67,1056,1584,6.496,0.107,-0.037000000000000005,-0.077,92,6.032,-0.461,6.496,28,1045273.0,2021
Matthew_NeSmith,485,0,2,70.977,48437,164,65.5,748,1142,71.75,1059,1476,-29.613000000000003,0.037000000000000005,0.74,-0.046,84,24.506,54.123000000000005,-29.613000000000003,26,1111102.0,2021
Zach_Johnson,485,0,3,70.365,45090,156,62.08,673,1084,66.6,935,1404,49.993,-0.204,0.102,0.102,78,50.037,0.049,49.993,22,1217071.0,2021
Andrew_Putnam,483,0,3,70.969,45907,162,61.68,697,1130,66.32,967,1458,29.247,-0.544,0.10099999999999999,0.124,83,8.21,-21.034000000000002,29.247,28,1169734.0,2021
Brendon_Todd,478,0,2,70.884,42761,156,75.09,820,1092,63.75,895,1404,49.88399999999999,-0.278,-0.264,0.209,85,28.934,-20.948,49.88399999999999,25,1201004.0,2021
Kyle_Stanley,477,0,2,71.158,48997,168,66.64,781,1172,69.64,1053,1512,-47.495,0.221,0.5579999999999999,0.027999999999999997,88,7.336,54.835,-47.495,25,1061178.0,2021
Russell_Knox,473,0,2,70.993,48748,168,65.84,769,1168,70.63,1068,1512,-23.316,-0.009000000000000001,0.526,-0.013000000000000001,86,12.958,36.275999999999996,-23.316,28,1077027.0,2021
Brandt_Snedeker,471,0,2,71.102,42285,148,64.01,658,1028,64.19,855,1332,18.207,-0.27699999999999997,0.075,0.217,78,19.159000000000002,0.955,18.207,24,1181890.0,2021
Brian_Stuard,459,0,2,71.077,52189,188,73.21,959,1310,65.9,1115,1692,10.133,-0.147,0.054000000000000006,0.175,96,16.538,6.409,10.133,31,1043625.0,2021
Dylan_Frittelli,453,0,3,71.46300000000001,39671,128,52.13,464,890,64.41,742,1152,-22.916,0.077,-0.415,0.327,70,-23.443,-0.523,-22.916,25,1543025.0,2021
Richy_Werenski,449,0,2,71.542,45684,156,60.64,661,1090,63.46,891,1404,7.185,-0.18100000000000002,-0.121,0.012,82,-14.57,-21.753,7.185,27,1146029.0,2021
Anirban_Lahiri,446,0,3,71.081,35579,120,56.79,477,840,64.35,695,1080,-0.09699999999999999,0.24100000000000002,-0.31,0.11699999999999999,60,2.116,2.2159999999999997,-0.09699999999999999,20,912601.0,2021
Adam_Schenk,443,0,1,71.097,54935,184,60.61,777,1282,67.33,1115,1656,5.472,0.195,0.12300000000000001,-0.20199999999999999,96,13.65,8.18,5.472,29,865523.0,2021
C.T._Pan,440,0,2,70.977,43686,148,60.56,625,1032,65.24,869,1332,1.995,-0.11199999999999999,0.23399999999999999,0.136,76,17.267,15.276,1.995,25,1186763.0,2021
Sam_Ryder,432,0,4,71.372,45044,152,61.13,648,1060,67.4,922,1368,-4.9639999999999995,-0.07200000000000001,0.14,-0.37799999999999995,80,-22.976,-18.011,-4.9639999999999995,28,973609.0,2021
Matt_Kuchar,431,0,1,71.294,33231,116,66.09,534,808,64.37,672,1044,3.795,-0.32,0.075,0.248,65,3.9989999999999997,0.20800000000000002,3.795,21,1307903.0,2021
Adam_Scott,418,0,1,70.596,37802,124,54.61,474,868,64.7,722,1116,26.941,-0.127,0.27399999999999997,0.054000000000000006,62,36.826,9.887,26.941,16,1069093.0,2021
Keith_Mitchell,416,0,2,71.507,41447,136,54.44,515,946,63.81,781,1224,-13.117,0.513,-0.23800000000000002,-0.406,72,-19.836,-6.718999999999999,-13.117,24,1080518.0,2021
Pat_Perez,411,0,2,70.836,51485,176,61.34,752,1226,65.66,1040,1584,24.176,-0.152,0.105,0.17,92,32.793,8.619,24.176,29,891989.0,2021
Nate_Lashley,407,0,2,71.23100000000001,40763,140,61.89,604,976,65.24,822,1260,-10.06,-0.314,-0.051,0.287,70,-14.212,-4.148,-10.06,22,867245.0,2021
Scott_Stallings,405,0,2,70.946,40406,136,59.09,559,946,68.3,836,1224,-0.13699999999999998,-0.043,0.488,-0.27,72,10.425,10.565,-0.13699999999999998,23,955126.0,2021
Camilo_Villegas,394,0,2,71.221,40302,138,56.15,539,960,64.49,801,1242,-22.616,-0.214,0.33899999999999997,0.363,69,5.2170000000000005,27.836,-22.616,23,904764.0,2021
Chez_Reavie,389,0,1,71.19800000000001,41539,148,72.63,751,1034,67.12,894,1332,-29.264,0.08,0.562,-0.05,76,6.849,36.117,-29.264,26,923709.0,2021
Adam_Hadwin,388,0,2,71.163,45518,156,61.23,665,1086,60.54,850,1404,31.901999999999997,-0.111,-0.40299999999999997,0.244,78,13.264000000000001,-18.635,31.901999999999997,25,951728.0,2021
Patrick_Rodgers,388,0,1,71.218,58722,192,53.88,722,1340,66.72,1153,1728,4.542,0.345,-0.45,0.047,96,0.381,-4.159,4.542,31,873108.0,2021
Brice_Garnett,387,0,3,70.91,46983,164,70.98,812,1144,67.62,998,1476,24.021,0.063,-0.295,-0.175,86,0.025,-23.991999999999997,24.021,27,805205.0,2021
Chesson_Hadley,385,0,1,71.28699999999999,36755,124,56.47,489,866,63.89,713,1116,29.895,-0.282,-0.21,-0.22399999999999998,64,-4.458,-34.353,29.895,23,826771.0,2021
Rickie_Fowler,382,0,1,71.367,42726,144,61.16,614,1004,63.89,828,1296,-9.85,0.10099999999999999,-0.212,0.415,72,8.107999999999999,17.961,-9.85,22,1055518.0,2021
Chase_Seiffert,373,0,1,71.149,41774,144,64.71,651,1006,66.82,866,1296,-3.463,-0.037000000000000005,0.23,-0.14300000000000002,74,-0.9390000000000001,2.526,-3.463,25,802633.0,2021
Gary_Woodland,370,0,2,71.366,37270,120,54.06,453,838,62.13,671,1080,-6.377999999999999,-0.10099999999999999,0.324,0.018000000000000002,60,5.178,11.558,-6.377999999999999,21,1020027.0,2021
Tommy_Fleetwood,368,0,2,71.062,31018,104,58.7,425,724,64.0,599,936,-1.2890000000000001,-0.203,0.052000000000000005,0.46299999999999997,57,10.901,12.19,-1.2890000000000001,16,1087127.0,2021
Justin_Rose,367,0,2,70.85,27261,92,60.19,384,638,65.34,541,828,14.619000000000002,-0.153,-0.011000000000000001,-0.233,50,1.527,-13.091,14.619000000000002,15,1113380.0,2021
Charles_Howell_III,365,0,1,70.847,39134,132,60.76,559,920,66.5,790,1188,8.361,0.49,-0.466,0.17600000000000002,66,18.195999999999998,9.837,8.361,20,923038.0,2021
Michael_Thompson,364,0,1,71.301,39005,136,68.25,647,948,65.2,798,1224,4.274,-0.11599999999999999,-0.19,0.125,70,-6.88,-11.152000000000001,4.274,21,840009.0,2021
Cameron_Percy,363,0,2,71.199,39240,138,63.07,608,964,71.9,893,1242,-14.148,-0.14300000000000002,0.5760000000000001,-0.168,73,-0.385,13.764000000000001,-14.148,24,716101.0,2021
Austin_Cook,353,0,1,71.449,39295,136,66.07,625,946,64.62,791,1224,26.953000000000003,-0.026000000000000002,-0.48700000000000004,-0.115,70,-11.329,-38.278,26.953000000000003,26,838527.0,2021
Francesco_Molinari,353,0,3,71.04,24544,84,60.1,351,584,63.76,482,756,-5.031000000000001,0.071,0.316,0.298,42,16.182000000000002,21.215999999999998,-5.031000000000001,14,996977.0,2021
Ryan_Armour,348,0,3,71.008,40379,144,72.91,732,1004,66.2,858,1296,19.230999999999998,-0.057,-0.057,-0.031,72,10.311,-8.918,19.230999999999998,25,754124.0,2021
Rory_Sabbatini,337,0,1,71.321,40657,142,61.55,610,991,64.01,818,1278,9.146,-0.068,-0.254,-0.037000000000000005,71,-13.457,-22.601999999999997,9.146,24,819916.0,2021
Ryan_Moore,332,0,1,71.092,23860,84,73.29,428,584,65.34,494,756,-7.777,0.384,0.055,-0.035,42,7.996,15.774000000000001,-7.777,13,777994.0,2021
Erik_van_Rooyen,328,0,2,70.998,32126,106,56.66,417,736,62.68,598,954,2.825,0.111,0.064,0.081,61,15.107999999999999,12.283,2.825,21,839378.0,2021
Michael_Gligic,314,0,1,71.708,42912,144,59.56,598,1004,66.44,861,1296,15.45,-0.064,-0.26,-0.322,76,-18.162,-33.609,15.45,26,581907.0,2021
Cameron_Champ,311,0,1,72.493,37480,118,57.99,479,826,65.16,692,1062,-47.266000000000005,0.716,-0.253,-0.435,63,-45.888000000000005,1.379,-47.266000000000005,22,800278.0,2021
Vaughn_Taylor,306,0,1,71.305,42864,154,67.63,725,1072,64.57,895,1386,19.423,-0.48100000000000004,-0.012,0.17800000000000002,79,0.251,-19.167,19.423,28,648742.0,2021
Beau_Hossler,303,0,1,71.6,48569,160,55.92,623,1114,65.28,940,1440,11.632,0.092,-0.37799999999999995,-0.031,82,-8.006,-19.636,11.632,27,629667.0,2021
Joseph_Bramlett,298,0,1,71.516,44398,144,57.27,575,1004,68.6,889,1296,-34.086,0.33899999999999997,0.11199999999999999,0.141,74,-4.502,29.584,-34.086,24,678441.0,2021
Rafael_Campos,282,0,2,71.747,32288,108,57.16,431,754,63.68,619,972,4.2,0.276,-0.635,-0.26,56,-17.451,-21.648000000000003,4.2,22,552578.0,2021
Danny_Willett,278,0,2,71.164,27622,94,60.0,393,655,60.64,513,846,-2.6919999999999997,-0.055999999999999994,-0.207,0.518,51,4.475,7.169,-2.6919999999999997,16,618364.0,2021
Bo_Van_Pelt,262,0,1,72.128,38521,132,61.55,565,918,63.8,758,1188,-13.619000000000002,-0.191,-0.168,-0.183,68,-40.181999999999995,-26.559,-13.619000000000002,25,623139.0,2021
Tom_Lewis,249,0,1,71.348,44615,148,57.77,595,1030,65.24,869,1332,-3.665,0.414,-0.185,-0.18600000000000003,78,-0.8859999999999999,2.783,-3.665,25,559296.0,2021
Andrew_Landry,247,0,1,72.219,34778,120,67.22,562,836,63.33,684,1080,-13.785,-0.107,-0.28,-0.16,62,-43.843999999999994,-30.055999999999997,-13.785,21,570018.0,2021
Scott_Brown,237,0,1,71.729,43546,148,62.16,639,1028,64.56,860,1332,2.194,-0.107,-0.003,-0.36200000000000004,76,-25.239,-27.430999999999997,2.194,27,518396.0,2021
Rob_Oppenheim,225,0,1,71.65100000000001,38462,136,65.47,622,950,63.48,777,1224,-1.101,-0.569,0.156,0.147,72,-14.445,-13.341,-1.101,24,434348.0,2021
David_Hearn,223,0,1,71.417,32860,120,70.69,591,836,66.02,713,1080,12.485999999999999,-0.485,-0.094,-0.07,64,-14.745999999999999,-27.229,12.485999999999999,23,391717.0,2021
Kris_Ventura,220,0,2,72.132,40138,132,58.06,533,918,61.95,736,1188,24.77,0.06,-0.758,-0.625,70,-38.766999999999996,-63.535,24.77,26,539016.0,2021
Padraig_Harrington,210,0,1,71.708,26385,88,57.03,349,612,61.74,489,792,-17.648,0.12300000000000001,0.011000000000000001,-0.154,44,-18.186,-0.536,-17.648,14,640513.0,2021
Byeong_Hun_An,205,0,1,71.817,46949,156,51.38,557,1084,62.68,880,1404,-56.875,-0.013999999999999999,-0.156,0.345,80,-45.746,11.13,-56.875,27,506668.0,2021
J.J._Spaun,178,0,1,71.92,38753,136,69.58,661,950,67.4,825,1224,-21.189,0.166,-0.057,-0.07400000000000001,70,-19.473,1.716,-21.189,23,419752.0,2021
Ben_Martin,168,0,1,71.668,25582,88,67.69,417,616,65.4,518,792,2.57,0.149,-0.037000000000000005,-0.172,46,0.8909999999999999,-1.6769999999999998,2.57,15,398681.0,2021
Jimmy_Walker,162,0,1,72.294,41550,140,46.92,457,974,57.22,721,1260,18.38,-0.7,-0.364,-0.15,70,-53.226000000000006,-71.6,18.38,24,519717.0,2021
Mark_Anderson,160,0,1,71.752,28462,100,64.14,449,700,68.22,614,900,-1.8619999999999999,-0.035,-0.14300000000000002,0.248,52,0.098,1.962,-1.8619999999999999,18,338181.0,2021
"Ted_Potter,_Jr.",157,0,1,72.113,36751,128,56.4,502,890,61.89,713,1152,-24.881999999999998,-0.5379999999999999,-0.07400000000000001,-0.026000000000000002,64,-59.273999999999994,-34.389,-24.881999999999998,23,355877.0,2021
Grayson_Murray,122,0,1,73.105,29297,96,50.6,338,668,62.62,541,864,-45.126999999999995,-0.05,-0.29,-0.466,52,-73.29,-28.160999999999998,-45.126999999999995,21,255130.0,2021
Graeme_McDowell,104,0,1,71.861,20590,72,61.85,308,498,61.11,396,648,-5.296,-0.42700000000000005,-0.664,-0.185,40,-37.207,-31.91,-5.296,15,212749.0,2021
